{"cameraMode":{"drawMode":0,"name":"Shaded","section":"Shading Mode"},"sceneLighting":false,"audioPlay":false,"sceneViewState":{"m_AlwaysRefresh":false,"showFog":true,"showSkybox":true,"showFlares":true,"showImageEffects":true,"showParticleSystems":true,"showVisualEffectGraphs":true,"m_FxEnabled":true},"in2DMode":false,"pivot":{"x":-14.800000190734864,"y":0.6000000238418579,"z":-5.002232551574707},"rotation":{"x":0.08236794918775559,"y":-0.8718118667602539,"z":0.15729248523712159,"w":0.45653489232063296},"size":3.5660250186920168,"orthographic":false}